<?xml version="1.0" encoding="UTF-8"?>
<!DOCTYPE mapper PUBLIC "-//mybatis.org//DTD Mapper 3.0//EN" "http://mybatis.org/dtd/mybatis-3-mapper.dtd">
<mapper namespace="mz_member">

<!-- 회원가입 -->
<insert id="signUp" parameterType="memberDTO"> 
	insert into multi.mz_member values 
	(0, #{user_id}, #{password}, #{pwCheck}, #{name}, #{gender}, #{birthDate}, #{ageGroup}, #{phNum}, #{nickName}, "일반", null, null, 0, NOW())
</insert>

<!-- 회원 조회 -->
<select id="login" parameterType="memberDTO" resultType="Integer">
	select count(*) from multi.mz_member 
	where user_id = #{user_id} 
	and password = #{password}
</select>

<select id="memberCheck" parameterType="String" resultType="Integer">
	select count(*) from multi.mz_member 
	where user_id = #{user_id} 
</select>

<!-- 로그인 / 회원 정보 전달 -->
<select id="getInfo" parameterType="String" resultType="memberDTO">
	select * from multi.mz_member 
	where user_id = #{user_id} 
</select>

<!-- 비밀번호 변경 -->
<update id="changePw" parameterType="memberDTO">
	update multi.mz_member
	set password = #{password}, pwCheck = #{pwCheck}
	where user_id = #{user_id} 
</update>

<!-- 회원 탈퇴 -->
<delete id="deleteAccount" parameterType="memberDTO">
	delete from multi.mz_member
	where user_id = #{user_id} 
	and password = #{password}
</delete>

<!-- 작성한 리뷰 글 불러오기 -->
<select id="getReview" resultType="reviewVO">
	select * from multi.cs_review 
	where user_id = #{user_id} 
</select>

<!-- 작성한 리뷰 글 불러오기 -->
<update id="updateInfo" parameterType="memberDTO">
	update multi.mz_member
	set nickName = #{nickName}, phNum = #{phNum}, birthDate = ${birthDate}
	where user_id = #{user_id} 
</update>

</mapper>