<?xml version="1.0" encoding="UTF-8"?>
<beans:beans xmlns="http://www.springframework.org/schema/mvc"
	xmlns:xsi="http://www.w3.org/2001/XMLSchema-instance"
	xmlns:beans="http://www.springframework.org/schema/beans"
	xmlns:context="http://www.springframework.org/schema/context"
	xmlns:tx="http://www.springframework.org/schema/tx"
	xmlns:aop="http://www.springframework.org/schema/aop"
	xmlns:websocket="http://www.springframework.org/schema/websocket"
	xsi:schemaLocation="http://www.springframework.org/schema/websocket http://www.springframework.org/schema/websocket/spring-websocket-4.3.xsd
		http://www.springframework.org/schema/mvc https://www.springframework.org/schema/mvc/spring-mvc.xsd
		http://www.springframework.org/schema/beans https://www.springframework.org/schema/beans/spring-beans.xsd
		http://www.springframework.org/schema/context https://www.springframework.org/schema/context/spring-context.xsd
		http://www.springframework.org/schema/aop http://www.springframework.org/schema/aop/spring-aop-4.3.xsd
		http://www.springframework.org/schema/tx http://www.springframework.org/schema/tx/spring-tx-4.3.xsd">

	<!-- DispatcherServlet Context: defines this servlet's request-processing infrastructure -->
	
	<!-- Enables the Spring MVC @Controller programming model -->
	<annotation-driven />

	<!-- Handles HTTP GET requests for /resources/** by efficiently serving up static resources in the ${webappRoot}/resources directory -->
	<resources mapping="/resources/**" location="/resources/" />

	<!-- Resolves views selected for rendering by @Controllers to .jsp resources in the /WEB-INF/views directory -->
	<beans:bean class="org.springframework.web.servlet.view.InternalResourceViewResolver">
		<beans:property name="prefix" value="/WEB-INF/views/" />
		<beans:property name="suffix" value=".jsp" />
	</beans:bean>
	
	<context:component-scan base-package="com.mat.zip" />
	
	<!-- OAuth 클래스에 대한 bean 설정 추가 -->
	<beans:bean id="kakaoLoginBO" class="com.mat.zip.mzMember.model.KakaoLoginBO" />
	<beans:bean id="naverLoginBO" class="com.mat.zip.mzMember.model.NaverLoginBO" />
	<!-- OAuth 설정 추가 끝 -->
	
	<websocket:handlers>
		<websocket:mapping  path="/chatbot" handler="botHandler"/>
	</websocket:handlers>

	<!-- 웹소켓 핸들러 클래스에 대한 bean 설정 추가 -->
	<beans:bean id="botHandler" class="com.mat.zip.faq.controller.ChatbotHandler"></beans:bean>
	
	<!-- 트랜잭션 tx 추가 root-context 외의 의존성(annotation) 경로 인식 -->
	<tx:annotation-driven proxy-target-class="true"/>
	
</beans:beans>
